val_losses,val_accuracies,music_val_precisions,speech_val_precisions,music_val_recalls,speech_val_recalls,music_val_f1_scores,speech_val_f1_scores,val_mccs,best_epoch
0.5945016543070475,67.3913043478261,0.6052631578947368,1.0,1.0,0.34782608695652173,0.7540983606557378,0.5161290322580645,0.45883146774112354,1
0.5132839183012644,80.43478260869566,0.7692307692307693,0.85,0.8695652173913043,0.7391304347826086,0.8163265306122449,0.7906976744186046,0.6139406135149205,1
